{
  "BaseDir": "C:/QBMedia",
  "source": "C:\\QBMedia\\Done\\Book of Secrets - Aliens, Ghosts and Ancient Mysteries (2022) 1080p WEBRip x265 An0mal1",
  "target": "C:\\QBMedia\\Media\\Movies",
  "backup": "E:/Films.nieuw\\Out Of Darkness (2022)",
  "Min_Freespace": 100,
  "Language": "dut",
  "Theme": "dark",
  "Segbut": "Videos",
  "Display_mode": "windowed",
  "Color_scheme": "dark-blue",
  "Font_family": "Segoe UI",
  "Font_style": "bold",
  "Font_weight": "bold",
  "Font_size": "12",
  "Inc_subdirs": true,
  "SubtitleMethod": "filebot",
  "Max_Resolution": "1080p"
}